cluster_id,Age,Monthly_Income,Average_Rating,Average_Z_Score,purchase_sensitivity,Gender,weather,Marital_Status,C_Type,Veg_Ratio
0,-0.08216233531178596,0.05381887266986742,3.9759621290545177,-0.007637570687174244,2.6749999999999994,0.5125,1.2625000000000002,0.55,1.762499999999993,0.6423568291611766
1,-0.20320390195775437,-0.10653299205208586,4.043564760155667,-0.017728564588265446,2.9848484848484844,0.3787878787878788,1.378787878787879,0.3787878787878788,13.393939393939387,0.5221382657746292
2,-0.011209603728139908,0.044794607903686966,4.034249071045624,-0.042649223593868,2.6132075471698104,0.4811320754716981,1.0943396226415094,0.4528301886792453,5.43396226415094,0.5334402119164218
3,-0.09159947440621752,0.14978798970988372,3.9636121128468935,-0.13648539623409872,3.0399999999999996,0.36,1.0533333333333335,0.36,9.799999999999997,0.5232216157433547
